4.572025662785211830e-02,-2.582569129441908418e-01,-3.660195402462352199e+00,7.786760891895648129e+00
8.079492700666602856e-01,-2.968128645692679202e-01,-7.243304928400546849e+00,1.314154761236912705e+01
8.608390749622230054e-01,-6.221605549859656747e-01,3.935739550625684480e+00,1.160028384762876463e+01
-3.075359442574081559e-01,4.470456527307556382e-03,4.674996902630568663e+00,8.864439498175933352e+00
7.720108255167353883e-01,-7.912688458768848410e-01,3.947622796103507081e+00,1.083110656528715943e+01
-7.180779000286180436e-01,-7.532688571919295972e-01,1.183894127061002166e+01,5.235679522013149345e+00
-2.873484317295217361e-01,1.856219114400117429e-02,8.793697101724960774e+00,8.494309838211732355e+00
2.780829406417426597e-01,8.130186506617913533e-01,-4.701094374346684646e+00,1.147617985821814379e+01
-6.976332721762463773e-01,4.133102227794621109e-01,8.722618118529075204e+00,5.342035260397780760e+00
-3.967658764331528087e-01,1.049590796165415507e-01,6.414270695551024026e+00,7.381290221931832818e+00
-2.254954045464669099e-01,1.132622618328069791e-02,2.111235415971757234e+00,7.661121027180344711e+00
7.311455793982715168e-01,-6.370123797108125929e-01,7.937080364719921732e-01,1.415894370697723303e+01
-4.096915098964216129e-01,1.256412847467551774e-01,1.415947502529751389e+01,7.728935914596928747e+00
1.700674842055825975e-01,8.999860053262101478e-04,5.343547784996890648e+00,1.043867782553938817e+01
9.847634337729681553e-01,1.018146759023486059e+00,-1.051679255900775933e+00,1.398349641476662697e+01
6.752179369053339375e-01,-6.883017389116266038e-01,2.215231435016285833e+00,1.218020850500274577e+01
-6.247582001275233665e-01,3.611983788909491899e-01,6.489456960753746451e+00,4.109954109318284310e+00
-7.206513091072040966e-01,-6.141601593508938528e-02,1.055890471970008093e+01,4.573180261551497594e+00
7.377460619928586372e-01,-6.477683221387788848e-01,7.680473935318868683e+00,1.132838372239438129e+01
7.625246378395186264e-01,-4.663111133130704022e-01,-7.651623343982514314e+00,1.295244650147874310e+01
8.664544182420651219e-02,7.763475420458149090e-02,-3.006936227616752610e+00,9.754602410023469616e+00
6.966557465084837197e-01,-9.329907186221412241e-01,-3.938092530973250405e+00,1.211225808134021875e+01
6.234342653831740355e-01,-9.566084352997042961e-01,-1.591906194463336366e+00,1.262207689219029305e+01
-5.875468580748995917e-01,2.110539557116790019e-02,5.838059179518455544e+00,5.177554883364414273e+00
4.964251732986098009e-01,-7.831893690960485266e-01,-3.657943429459013185e+00,1.248957743413255095e+01
-4.382940606358983193e-01,-1.082292361896500243e-01,6.222999224443385380e+00,6.626416395984608521e+00
2.345890554643981218e-01,4.285293904249268260e-03,-6.029345855215124672e+00,8.589204827190728864e+00
-1.742178901135847946e-01,-9.142366325414253564e-03,8.872342570702599573e+00,7.500023467438309055e+00
4.779380168168599619e-02,8.086552503333661601e-01,5.517240837746850701e-01,9.448873783542568461e+00
4.210671887436133742e-01,-2.621549153539280419e-01,4.499239549989829001e+00,1.172058169699929842e+01
-6.258686868138352288e-01,7.394618081510298535e-02,5.017077251132071147e+00,5.670947055198274356e+00
5.349035750534241185e-01,-1.081819325279131050e+00,-6.461385938551762464e+00,1.205485502452134305e+01
-6.515281766445707445e-01,1.141345884798353888e-01,1.253268747007680339e+01,5.462177227401721957e+00
7.455832094960465062e-01,-5.744438101673581265e-01,-7.765287218103892997e+00,1.203511202987324857e+01
-1.727867980159505934e-01,1.335428223809565496e-01,7.134252338706589036e+00,8.307960155095488020e+00
-7.596164443752049245e-01,-1.064017094669938296e-01,1.276064780258878173e+01,3.332642872668734046e+00
-4.691118679928036328e-01,2.058328232342578890e-01,1.618192525356412403e+01,6.236149915992975856e+00
7.258087387240905741e-01,-8.797965617896897905e-01,1.073466379456115760e+01,1.264717984448403953e+01
7.583597018596279771e-01,5.462812196785625796e-01,-2.303597335363729126e+00,1.250559777512261661e+01
6.132472142771361323e-02,7.250187786272729862e-02,9.853347005098392231e+00,1.004200982408560350e+01
-4.105308273372209049e-01,-2.109040628014835050e+00,9.621297589148852580e+00,5.442679332376513912e+00
7.081712055044451226e-01,-8.839209327152288687e-01,-4.469389066625166773e-01,1.199858739596821522e+01
7.932847321833295107e-01,-1.666733399274284433e-01,-8.450527304190494249e+00,1.281070544599708327e+01
4.967270926563659983e-01,-1.977865795279571071e+00,-2.068581769741975329e-01,1.143546202443245541e+01
-7.106664700352299802e-02,9.412939003524915804e-02,1.612235230590428614e+00,9.308700836890698938e+00
-1.447473620804188288e-01,5.456676780038141050e-01,-5.105844193941223352e+00,8.528613790262552286e+00
8.540454474176834010e-01,-1.023170749901764820e+00,-7.061835208478178805e-02,1.287152110470667488e+01
5.632906573015554752e-01,-7.623355849286433950e-01,2.527194441125739210e+00,1.243485487725058292e+01
1.855124320091541268e-01,-4.794926684115217996e-02,4.300019091901074120e+00,1.054439423293942113e+01
3.462766027280461123e-01,-3.759466711062812161e-01,-1.272667382751194287e+00,1.039148297329954929e+01
-2.603098018878020545e-02,7.950913082933198928e-02,1.084185068480704173e+00,1.053156549084156346e+01
1.961045672058296385e-01,-2.618907089237222929e-01,-5.534768220742254385e+00,1.080674646434069608e+01
4.322394451746476296e-01,-1.090992604305608182e+00,-4.389311363641772878e+00,1.067615371457670470e+01
3.112678721737455190e-03,-3.602841174465942764e-01,-1.982076415693855287e+00,9.700709949548400601e+00
-1.885419106746891726e-01,-3.444623185363352436e-01,-8.135976840099314877e-01,8.039557550279706533e+00
5.964769083791340298e-01,-6.631264673207123428e-01,-1.714139002314081228e+00,1.205399517541312271e+01
-2.437310039596849581e-02,2.931688502016249059e-02,-2.313346194289317204e+00,1.000418826639330305e+01
-5.960554782249137817e-01,1.114576506645155035e-01,3.974877550495929945e+00,4.338483166270012958e+00
-2.388458728266723563e-02,-1.012903810819708594e-01,-6.702801369851570712e+00,8.462863738742901987e+00
-6.322284211350470695e-01,4.908953260717071471e-02,4.336021724954998824e+00,6.401938300913759150e+00
3.432776189115939180e-01,-3.125615924190588979e-01,6.195672990080986153e+00,1.060739609953531470e+01
-4.527391187525262040e-01,-6.922164517260958050e-01,6.908569904480398982e+00,7.524735383478281747e+00
8.661990279903978296e-01,-7.972666139239958927e-01,-3.134791339002465094e+00,1.411179895312217702e+01
2.901928024635013204e-01,-7.574741434399115403e-02,-6.586396814599409844e+00,1.057981632989234022e+01
-1.462438441568473801e-01,-6.472423015507224042e-02,1.336910902076252183e+00,7.805082206375644205e+00
5.688461587867896796e-01,-8.027958477359776746e-01,-2.606508545141459798e+00,1.163381007590239591e+01
6.484072247928416299e-01,-7.039130784018483578e-01,-2.685253703637479727e+00,1.176190553767144564e+01
9.586033997928937733e-01,2.395184085013164488e-01,8.962822332152009963e+00,1.515524212104491930e+01
1.358338386285848631e-01,-1.347426793428266600e-01,4.489456970948207726e+00,9.948170931582447807e+00
-2.914788357783174577e-01,1.727419717112993747e-01,2.699523020977115939e-01,8.013580925088158224e+00
6.340817674669605442e-01,-5.484580633079867429e-01,-5.525207254517761069e-01,1.313458561629438570e+01
-3.545519878789101242e-01,-3.103632436307602882e-01,1.821576995735051163e+00,8.631770556197871258e+00
3.200300977258124790e-01,2.527050337567389171e-01,4.269748233634114598e+00,8.816123145611385326e+00
2.655601790340229584e-01,-1.011147947059735236e-01,-1.996104911808178839e+00,1.116091800795585165e+01
3.498534681289773574e-02,3.446638335935751640e-01,7.035358916454370615e+00,9.286953733896318397e+00
3.032310828332482333e-03,-1.011136981361641651e-01,6.355830730032934639e+00,9.292808932373047170e+00
-2.899038160406176567e-01,-2.022412991156599671e-01,4.552848902521832386e+00,7.080683636201956510e+00
-8.212820030590954890e-01,9.021942777749717424e-01,1.948986796150797929e+01,4.925239306473925716e+00
7.547712906163790425e-01,-1.065024068251103850e+00,3.489699186111304918e+00,1.249935895358035864e+01
2.644843538443772402e-01,-1.786062161538345128e-01,8.142205114393032517e+00,1.085513072782771715e+01
8.963066795700697087e-01,-3.835296138427756185e-01,-4.233890455587583368e-01,1.253959360909811060e+01
4.024379176596633578e-01,-5.337982291567362481e-01,-3.039550532999846233e-01,1.114937274220766739e+01
-4.016657521295101674e-01,-5.611345014217570260e-01,1.276217906316909900e+00,7.073611371346246735e+00
1.362011102724143830e-01,2.770347727064638166e-01,-3.001424267419403602e-01,7.417969712693337492e+00
-2.444504791234311247e-01,-1.967271494099207985e+00,3.714718974315564637e+00,1.044996504390232950e+01
-7.977692964291767108e-01,-5.003328383375055255e-01,2.060869942805291899e+01,5.821801432946402954e+00
8.126153169110976737e-01,4.459456013776322836e-01,-1.008645603074447061e+00,1.290345071350175132e+01
8.287906750979842085e-01,-2.217655892328123934e-01,-1.047402230178811067e+01,1.237903081638408764e+01
1.458535396577253507e-01,1.537270545878545724e-01,-6.608881789318616029e+00,8.186043357885990801e+00
-7.844601549161089871e-01,1.922337290436604007e-01,9.836113628190950919e+00,5.898040810742184448e+00
-4.802124957698539753e-01,-3.713536519091026888e-01,7.693545004409502397e+00,6.384391181376633639e+00
3.566008999964224158e-01,-3.798856678667315023e-01,1.647551967017100161e-01,1.363681278980334888e+01
-2.842004856510642608e-01,5.313133998074634490e-04,7.439700025694772734e+00,8.972485208258763834e+00
-7.283761188666986186e-01,2.575589889562506229e-01,1.140807895216676826e+01,6.301611823922210753e+00
8.001932639672126868e-01,-7.060810990492761841e-01,7.584304891283965233e+00,1.355902625786967164e+01
3.582425584462884949e-01,-3.365759406786371644e-01,-6.677927463884262949e+00,1.088027170711264269e+01
7.515678797966562907e-01,-1.049678499718734059e+00,1.442266700764077569e+01,1.557554929120065523e+01
2.595482888081172557e-01,8.299208598737090048e-02,3.377755614214144941e+00,1.048251845066130095e+01
-6.944084454375615278e-02,4.444961701025569936e-03,-5.218087600554126126e+00,1.139009474518242193e+01
1.928523869835865046e-01,2.390766132828065771e-01,-3.826953484882767320e+00,9.732674434782238038e+00
-5.551840201884105097e-01,-2.842563414854853421e-01,1.326754547307825760e+01,9.036858044686404412e-01
-1.145516443565324505e-01,-1.798490581985996983e-01,-2.888233140137937305e+00,1.178550626752460495e+01
-7.728469172165504109e-01,-3.537923697474337770e-01,1.457201858282900631e+01,5.402787953639451857e+00
1.450975693791637378e-01,-4.468332310247710715e-01,-6.521134974190935907e+00,1.029654021518506468e+01
3.620486317040458313e-01,-2.444944218010076664e-01,-5.456165175765630870e+00,1.011538221662409320e+01
-5.247518371585756236e-02,-8.554736627198494814e-02,6.430578347151753249e+00,8.324801410188175765e+00
9.849058945361396367e-01,1.504283814993270685e+00,2.289500785583065579e+00,1.417074471939563551e+01
-1.217218234929589166e-01,-3.428267599791884335e-01,8.646314142827927540e+00,7.850197143825966783e+00
3.940837224550969298e-01,-3.495566193396963395e-01,3.728735116650668147e+00,1.126148207744024710e+01
-2.508808383648700735e-01,-1.013285628515301212e-01,1.133051445673975799e+01,8.214848445358093443e+00
-6.273191325203983926e-01,-7.176995225574718251e-01,1.917267284401086158e+01,5.542149905296937185e+00
-5.542290937183790289e-01,8.109976938054275220e-01,4.458964587449595562e+00,4.486300622550304595e+00
-7.667018519992168102e-01,-4.221912160070849795e-01,1.342211294483065487e+01,3.912748230548513284e+00
-3.805999077176966394e-01,-1.366023498006295467e-01,1.171686868812035698e+01,7.839657457440296184e+00
-4.862787348426725331e-01,1.213922229141947834e-01,3.485751873464102424e+00,5.526011830295203708e+00
7.042091399077329283e-01,-4.419770030483937129e-01,1.148289680279262015e+01,1.211355081502424369e+01
-6.873716947341612649e-01,-3.728585736813995744e-01,1.885339435990792367e+01,6.121353682500891402e+00
-5.924172701263209495e-01,7.394353682313262177e-02,1.100992060245873105e+01,8.151697541575991579e+00
8.089701657479564378e-01,-6.250505949810166717e-01,-9.555044226363690996e+00,1.350385454624964865e+01
4.021268017464076916e-01,-3.751711675345732466e-01,-7.358305799323354712e+00,1.051125540069589981e+01
2.627565691378118684e-01,-3.330644464518240366e-01,3.301271595217522670e+00,9.837758085261580021e+00
-4.662821504203117917e-01,4.923022417229257208e-02,7.895208643932974724e+00,6.173085406484925208e+00
9.151952877360648442e-01,-2.083064159627876499e-01,-5.268136570804736962e+00,1.415777204105429732e+01
1.403886889598331411e-01,-2.540931633061403044e-02,4.473718381308137704e-01,1.098939343439088390e+01
9.263078947401693908e-01,6.435719235765766655e-01,3.656566710823781374e+00,1.498798127356512566e+01
7.545961703786376873e-01,2.486045470544281155e+00,-5.648529451391062217e-01,1.225869413418936027e+01
8.413016702535542901e-01,-1.336546245061791982e+00,4.207757779968716250e+00,1.344449192992851927e+01
-6.839783003576531684e-01,2.630335155878171793e-02,1.502784402218569504e+01,5.306560831866101502e+00
-5.561138053028177874e-02,-2.027632973267731731e-02,1.733593472343712083e+00,8.133114109399803837e+00
7.423007858834370642e-01,-2.709624767828414660e-01,4.984097147151843821e+00,1.211566869672135383e+01
6.083440931484164205e-01,-1.085033786763328845e+00,-6.916770034465532513e-01,1.181277447918746226e+01
1.860419427463769204e-01,3.735621582582647759e-01,3.686173689880062887e-01,8.914795306716207790e+00
-3.686348813121549384e-01,-6.849240883065787523e-03,-1.261574773699127405e+00,6.894518116317769341e+00
7.005033758359310303e-01,-1.869075656515553074e-01,-3.188022236534360232e-01,1.307554153668971608e+01
3.953119641034568144e-01,-5.523155067695445508e-01,-1.084874973633218748e-01,6.432799107110644954e+00
5.348625749465343304e-01,-1.516508714627911480e+00,4.438069739776230094e+00,1.276367586547208965e+01
1.910627646920420308e-01,-1.508628818602760768e-01,1.385587400431277816e+00,1.028700345200075184e+01
-8.403601232929074349e-01,-2.119634142781140207e-01,1.113933685813306163e+01,7.896176049167580757e+00
-3.429697125346278241e-01,-8.093716618458789147e-02,3.898319498535289362e+00,7.410718723616521508e+00
-1.631427600842965675e-01,-1.873111069430057063e-02,3.849854279756045550e+00,8.751604536236074594e+00
2.173999593234339778e-01,7.385488698776878635e-01,-4.967434341270408282e+00,1.014415332058932684e+01
-6.130208887200497836e-01,1.013071026975114058e-01,5.380279384588518177e+00,7.496457584577115973e+00
-1.774370082651908209e-01,-1.032631766511608179e-02,1.076766721203643229e+01,6.669919195380920485e+00
7.127988158355917925e-01,-1.241231485649112232e+00,-3.077782706803250168e+00,1.313927242262603556e+01
6.661746768914522665e-01,-4.498001324027868231e-01,-3.194353634103862305e+00,1.224915825557722115e+01
7.051546735968546864e-01,-6.670980033505632401e-01,1.979017286590385227e+00,1.228891967107161776e+01
2.781718478652513982e-01,-1.045290512946429606e-01,-7.031370598418570594e+00,9.831206838297356754e+00
8.785293908527190831e-01,-4.649781184741680895e-01,3.926519961878279563e+00,1.389438414457018212e+01
-3.225757924577501434e-01,-1.362363451925482916e-02,6.380792940742351149e+00,7.088097106868568531e+00
-6.327210792424928787e-01,8.007005004610026622e-02,7.832092959458019088e+00,7.029940171604797783e+00
-5.087058825476693802e-02,-8.973907834748529044e-01,3.711634048255584073e+00,8.148843924362417113e+00
6.527915966754018751e-01,-7.952467107605589725e-01,3.140155082981028745e+00,1.172588752921606670e+01
6.132386706585680747e-01,-1.492151869263607322e+00,5.176951405438430243e-01,1.138676497390226849e+01
-4.797457966936470308e-01,-3.418191380619771125e-01,1.199011830342480067e+01,8.286503140997375283e+00
3.421150461193567804e-01,2.695645218719424085e-01,1.647634899830000554e+00,1.082043254996645487e+01
7.225023584915288843e-01,-1.047652614852365494e+00,-2.598228499920996359e+00,1.293624868175371745e+01
2.566778251370100961e-01,-1.796302885824143658e+00,5.217212641418964125e+00,1.090332129626967550e+01
9.140482993554072122e-01,1.808684425325207124e-01,-2.057861593827181590e+00,1.390318842170765379e+01
5.596970613068216749e-02,-7.306435656604306494e-01,7.198519919897234942e+00,8.756698067642290084e+00
-8.586543898864795743e-01,-9.010393006481686173e-01,1.174510930378206019e+01,5.447632914328218945e+00
-2.931159183660712597e-01,6.308163177721713977e-01,2.701542643852618220e+00,7.314332285892159113e+00
1.436667310582349921e-01,4.509646811089582652e-01,5.256588377835866854e-01,1.092320936933780651e+01
-7.671642516023636782e-01,-9.287490066715885506e-01,1.824453418266140048e+01,7.645811182123940952e+00
6.125852606930135558e-01,-1.116794384976213861e+00,-2.351763811320181752e+00,1.285710437668403650e+01
4.766910064484675136e-01,-5.392061102639877923e-01,-5.763469689256385919e+00,1.280623560594382937e+01
-7.533870501217160287e-01,-1.939378897053511408e-01,7.864148062508277803e+00,1.804817328236924645e+00
-5.554282615221307617e-01,2.327931016186224333e-01,7.548823614692053319e+00,7.074417365349967568e+00
-1.244989209848640366e-02,-1.831322902555035714e+00,6.924012078840364737e-01,8.821302239368147724e+00
4.118870384134866725e-01,-9.892414838558476198e-02,6.831803718978127771e-01,1.079226108725236699e+01
6.228173416332664081e-01,-6.963571352405608650e-01,2.089302809439012254e+00,1.463018468914656900e+01
8.669209848585592848e-01,-2.438419968517555603e-01,-2.173623945348787778e+00,1.233359110878323328e+01
1.075154970516997988e-01,-1.338547094638567747e-01,-5.123369093520835804e+00,9.449676566860924609e+00
-3.079710065937154573e-01,1.382333657992862452e-01,5.564321071668634211e+00,8.771610179469639945e+00
-1.418332898284070387e-01,-3.295153476275419213e-01,9.006021139768897399e+00,7.579397813454240129e+00
5.288927636214535433e-01,-1.731161652752533087e-01,1.345388949261241418e+00,1.084468287302051337e+01
4.531192370804534852e-01,-3.078353165542091485e-01,-3.493363877296665976e+00,1.116829626951525256e+01
-4.924096852727213869e-01,1.484414141578529744e-01,1.590849441492305871e+01,6.260361139305853584e+00
1.458787965179505763e-01,6.466345101422642516e-01,8.720812012377011646e-01,8.962962224787368370e+00
-5.698589173174688494e-01,-3.699498170522382834e-01,7.328320645742392614e+00,5.557746931321983830e+00
4.887961304609464985e-01,-4.885983622346115607e-01,-4.658662454933068631e+00,1.199786777535188698e+01
-8.791224937981405585e-01,-1.283829581354965388e+00,2.665616706167016048e+01,4.859463739601349808e+00
2.112450231597125527e-01,-4.860550060566254937e-01,-1.618192174199387878e+00,9.203615968235970612e+00
2.878705141714131832e-01,-2.770816084613391683e-01,4.952508041424659169e+00,1.022898824554682129e+01
8.329693753070382956e-02,-5.052006353796310856e-02,5.566062969900142932e-02,7.619234373330355581e+00
-1.039905044519199295e-01,-4.130020293596115000e-01,2.036653898916419791e+00,8.949347271902956535e+00
5.133492376617588837e-01,-6.263521873313924182e-01,3.971201678861824846e-01,1.085420309539054706e+01
3.763949020904184817e-01,-2.037771446121033891e-01,1.446873230364326135e+00,1.088879694638530538e+01
-8.285340942160002164e-01,-8.831944445403383526e-01,1.942267146802191391e+01,4.503902373038688012e+00
6.978762075326176983e-01,-7.532236239687584156e-01,8.034339234463732993e+00,1.673547342970281449e+01
-5.739759658028061040e-02,3.591918893871993146e-01,6.884421206677848737e-02,1.083648988157891324e+01
-8.511909746519966125e-02,-1.796531599976897708e-01,-5.991270654049222211e-01,1.155891857440124859e+01
7.772421442218763188e-02,-7.735773063358655777e-02,1.695923093788587410e+00,1.239081563372302242e+01
-4.151489806152481865e-01,3.051117267852930248e-01,1.023721391767506894e+01,8.812421328472419546e+00
-1.905046605758842215e-02,1.760263122004550873e-01,-7.666107267509693735e+00,1.054846214574804009e+01
7.426025470105093174e-01,4.192962191518252446e-01,4.161054373536646755e-01,1.157833139391293287e+01
9.012145128621898982e-01,1.245873927224693256e-01,-8.318193844137562465e+00,1.539468691286579016e+01
-1.034432543298745011e-01,-4.872627911405841838e-01,7.588221453853501330e+00,8.771139191954889114e+00
6.617476821345651405e-01,-5.152647986499498955e-01,4.407483992190374344e+00,1.254574416880431897e+01
-6.686292550968311321e-01,-3.433700762869141832e-01,1.465585942675417463e+01,6.299420405930922229e+00
9.721494637757321922e-01,1.266558388174394700e+00,-2.508778428042117259e+00,1.309096348761936568e+01
-1.929001474189117882e-01,-6.737425182456162620e-01,5.469828105051389500e+00,7.968552106676008329e+00
-4.377982083674350489e-01,-8.541531430616389198e-01,6.364704399501562193e+00,6.271622836310059235e+00
-8.510447525214479003e-02,-5.072167525597168769e-01,2.090202369863187748e+00,8.177756267685451164e+00
3.467582509733797558e-01,3.874466157074707429e-03,-4.097060370528248896e+00,1.007417233005425139e+01
-4.372168155167854842e-01,-2.270983251193619823e-01,7.914911323696617984e+00,7.244334319698698899e+00
-1.787991307941664831e-01,7.861808053991879708e-02,-1.191159433178993865e+00,7.719677220655017713e+00
4.817027641637382507e-01,-5.420243852139772223e-01,-3.248672197655782523e-01,1.190247829479883812e+01
4.930437320014700586e-01,-5.735196385232235183e-01,-3.425692847619961068e+00,1.222160430163961919e+01
-6.852093496000067896e-01,9.379484733216993109e-02,1.096855413100662346e+01,6.761323732689233701e+00
-4.254209301278911171e-01,-4.429218276044361025e-02,5.137526215038296762e+00,6.801765379831678615e+00
6.142631878156386283e-02,2.249710956720271104e-01,1.327352381315292762e+00,9.337485245433285286e+00
2.075729817360991158e-01,-1.178314876144660461e+00,4.749446698007471213e+00,1.004167293406874073e+01
-8.274755352329570268e-01,-2.591220493054239515e+00,1.844858399169266860e+01,6.430042691868501414e+00
-1.008529640989543896e-01,-2.824568945608326720e-01,9.908272797908248108e+00,9.766785297090848417e+00
-4.547029325906496444e-01,-2.284368208682814871e-01,1.168611561722954484e+01,6.233988793550402363e+00
5.939564089264853797e-01,-1.195141520892920584e+00,-6.454943196853183629e+00,1.249253749204498298e+01
-7.529442025265938865e-01,2.392534823796672594e+00,1.601309210036366082e+01,5.812776942535603730e+00
2.910460071197610299e-01,-7.874233821632172781e-01,5.328747403269717964e+00,1.071053994391169084e+01
9.760817729821371636e-01,9.385329352795970248e-01,-4.399139205552276000e-01,1.502392654556221885e+01
1.978157398895019070e-01,9.011376717663102665e-02,4.061847361590449346e+00,1.023730807241661012e+01
5.530643165489951274e-01,-1.010874933438134615e+00,-5.057189497119549682e-01,1.010822580538407323e+01
-1.177041832247909675e-01,-3.764902114479742323e-01,2.289263298354227594e+00,8.695348504412757862e+00
-3.943616419450188815e-01,2.749184068214834964e-01,1.528113446508717921e+01,6.934276197865727021e+00
-1.859747810556054148e-01,1.081783325283211528e-01,2.504703159964675407e+00,7.683678552892396318e+00
-6.609788343100749808e-01,3.624186284146851955e-02,2.051502631446464520e+01,6.741273564619522318e+00
-3.025913321801811384e-01,3.499799953205329772e-01,9.122122678696142017e+00,7.624971635180249230e+00
-6.512432277762993937e-01,1.741073390968760071e-03,2.740131759627923991e+00,7.772349936119827163e+00
-2.839636489331121005e-01,-3.892559470985538228e-01,9.169956344739720322e+00,7.600642836990973983e+00
1.096376581712758119e-02,-3.965781490403393894e-01,3.995480799754866474e+00,9.840934707592881026e+00
3.507738595038645824e-01,1.987300661536450797e-02,-7.353340923934869044e-01,1.059142770857869920e+01
5.630529241178622302e-01,-1.474063111521517921e+00,-1.788345731432821939e+00,1.343386006611865824e+01
-7.519447999304301744e-01,-1.476814363269431940e-01,1.961945713870920471e+01,4.600698583268659547e+00
-1.642015431081864374e-01,7.046362879627998677e-02,1.043701865366591264e+01,8.745792058557068316e+00
-7.108706339790226147e-01,-3.024326314353130707e-01,4.975882446168986561e+00,5.775071948236146113e+00
-7.213785193862912726e-01,-3.765413299945220005e-01,1.463941655555230881e+01,6.747159001253137056e+00
8.515611503442419572e-01,-8.558848361924518144e-01,-7.607580597495176455e+00,1.201272829977194512e+01
6.301716956049673302e-01,-4.246569490470293307e-01,5.930491440946706660e+00,1.253393942016563756e+01
-1.658265069460395091e-01,2.393692862826078960e-01,4.846342391470126465e+00,7.749544592374237872e+00
2.069315400865510135e-01,3.267289156438826225e-01,-2.161619523429600953e+00,1.129926577485054828e+01
-3.120094716053052886e-01,-1.120012546678193499e-01,3.451052269976555564e+00,7.092833304280964590e+00
3.374877967311330496e-01,-3.776849581747169227e-01,-1.419912820064306302e-02,1.192257659653320800e+01
9.062667010345235585e-01,5.380189902021645931e-01,-3.317070611121119006e-01,1.339080790607293991e+01
6.730156238816957792e-01,-7.042704389000813414e-01,1.335236071947333514e+01,1.188193932954865772e+01
-5.389880917154813433e-01,-7.941847322595553538e-02,1.100990332999742449e+01,6.787265473646285407e+00
-1.935279281363432580e-01,-1.633867723513167738e-02,8.172006378058540577e+00,9.091884610932430277e+00
-9.018822772614492056e-01,-9.433566817452467834e-01,1.850041249297057178e+01,5.135004241244237377e+00
-2.811605514882785095e-01,-3.903221086009226598e-02,-7.710332358030953515e-01,1.308723773153465775e+00
-5.124051183598934411e-01,-4.088973842325482888e-03,1.070836331176569445e+01,6.072081675563091530e+00
-1.780717203364724222e-01,2.110664170901572212e-01,3.364226541413113392e+00,8.203340098742739173e+00
-7.788797040661094018e-01,6.100422342959155309e-01,1.691561964555828723e+01,3.839970917875305201e+00
-2.049842652346609700e-02,2.168770882654443705e-02,1.024681706992739372e+01,8.595988555376674611e+00
-5.341120082976394956e-01,-7.242028735002132844e-01,1.258739766986013109e+01,6.028192463408720947e+00
-5.315493396351450572e-01,-9.269929029927620467e-01,5.703942565779182239e+00,4.512939462015216563e+00
3.035814040449164031e-01,-7.977799696480699643e-01,-2.905625005329724786e+00,1.042187716172681178e+01
7.478896385273313685e-01,-5.531198798311878218e-01,-2.606088820728047040e+00,1.264451535724217734e+01
-3.811368728576553511e-01,-1.437373781974349840e-01,8.850157091637063544e+00,7.009235347547222439e+00
-2.182997408498346115e-01,-4.308251823666845587e-03,1.021140987878243678e+01,8.982443169685151219e+00
-6.046725161833059747e-01,3.247358744178996393e-02,1.343876342500832166e+01,6.091704565085479750e+00
8.307590267877291712e-01,-4.374006944361997773e-01,-5.766264122734326314e+00,1.308158379344279432e+01
3.685008509348394190e-01,-2.055926311480899549e-01,-1.386659837588263056e+00,1.140938015822630724e+01
6.410860192445394512e-02,-8.680526726082386790e-02,1.990483162664655303e+00,9.546009757713427746e+00
2.530360763455536954e-01,5.948813992956065722e-01,9.006503627760597652e+00,1.072903701641528862e+01
4.894392815742399927e-01,-1.195576465339498462e+00,-1.118035594690484746e+00,1.200165949036300539e+01
2.103677615359157149e-01,-1.927956665696169136e-01,-1.986851337936204498e+00,8.432754032233715336e+00
-3.762920759171302643e-01,2.969450697716831122e-01,6.815995667809864322e+00,6.759445453591209407e+00
9.107425328148151256e-02,6.585516636535657109e-02,-4.279819955534478915e+00,8.966705702740428663e+00
-4.331723505951081687e-01,-1.865870726679606795e-01,1.110280216498936312e+01,8.079897360490761571e+00
2.119628642727302559e-01,6.358350232266252178e-01,-4.426342252890027140e+00,9.453430918418179729e+00
3.139875573526217378e-01,-2.262407796843267649e-01,1.087850652827367787e-02,9.688320989242930281e+00
8.813219060216012091e-01,-9.190412082628503232e-02,-1.065527945882239536e+00,1.188366529433398178e+01
-7.199998454516621793e-01,2.862100538433852703e-01,1.470403113373152770e+01,5.726316883758394205e+00
-2.367308873286848858e-01,1.413076214685374810e-01,1.074076781870589192e+00,8.212613702153898743e+00
-5.639460623598648858e-01,-7.414430952428567867e-01,1.397674925887727504e+01,5.635603095146044517e+00
1.671836841572968135e-01,-1.623654142602330708e-01,-3.397299150187287342e+00,1.044037697857684144e+01
-5.442544519879118914e-01,-6.586625830948444893e-02,1.808238031176366789e+01,5.524191162998359772e+00
8.981110868579571527e-01,7.093068614460285026e-01,-4.104388311589133309e-01,1.317191112006863563e+01
-3.749409647987838046e-01,1.938263979345016930e+00,7.641779864783977416e+00,6.402548523622254351e+00
-1.925186294647183993e-01,2.146848230584384454e-01,-1.879941487892397900e+00,8.209991183327289832e+00
4.858940459191797845e-01,-4.943377154020474062e-01,6.887012180247443105e+00,8.932062179683018854e+00
9.966309990797818374e-02,-2.674014590097371219e-02,1.387127394768986832e+01,9.535742036551443590e+00
-5.301430911815691038e-01,2.544307730039862409e-02,1.082483036021566569e+01,5.515392895751201507e+00
9.525697101070267347e-01,7.599804975952263453e-01,-3.599594202665096776e-01,1.369258745895689877e+01
-7.153935229791577033e-01,-4.330859713702644997e-01,1.000658732925247740e+01,5.592569349739866524e+00
8.554399994272092744e-01,-2.043189185169005939e-01,-2.887526514450688531e+00,1.317154000634128153e+01
6.135187997092443890e-01,-7.244273716003671870e-01,1.661482511426900233e-01,1.038173711908871510e+01
-6.128921510529869443e-02,3.998525429592703073e-02,3.882316317127450844e+00,8.910343618974533086e+00
7.479578411448382924e-02,8.500274627799052699e-03,7.589847987262824169e+00,9.596149617504625695e+00
-7.996721253755388892e-01,-4.865020646344243582e-01,1.768280321754735240e+01,1.933779412527209640e+00
6.702774875406726229e-01,-3.328659403811543571e-01,3.166540004299202682e+00,1.195261792200379425e+01
-5.960650806300977766e-01,-3.727857955887672881e-02,6.928436733556316618e+00,6.814378553986579767e+00
7.126544100548134475e-01,-8.255901611345899394e-01,-4.470813568597766796e+00,1.258350035940668299e+01
5.967278247528479129e-01,-4.907337928960261442e-01,1.396458403819460514e+00,1.029505599148642681e+01
1.196675816244948398e-01,3.526746236628710562e-01,3.157131355751718438e+00,9.597470345117049106e+00
-5.461497749905158683e-01,-3.235404396786539793e-01,1.327544202097022286e+01,6.529924140281487155e+00
-7.026407356203377974e-01,5.261724364662485193e-02,1.517774796366097867e+01,3.699255117179893304e+00
-3.732214792853824625e-02,2.307097921949373132e-01,-3.489333360418188090e-01,6.385033866744442399e+00
9.559366937252096186e-01,9.107034925992534280e-01,-3.963163655867707913e+00,1.418571466073925080e+01
-2.632017460723339308e-01,-3.007339821584039535e-02,5.077703323070315911e+00,6.771747284787866583e+00
-4.265975424692671769e-01,3.226389159149560537e-02,1.109077925790567676e+01,6.846335394879536906e+00
-9.651732663827411463e-02,2.240745367619623174e-01,4.625815614044782587e-01,8.728577238353114609e+00
-4.030307574649419355e-01,2.126139713011108157e-01,8.262238592099228285e+00,6.887742094721939878e+00
4.502829121809526214e-01,-1.088175020344813282e+00,-3.234153534309479827e+00,1.120566336844137822e+01
-8.190050338479323289e-01,-4.556624274937469687e-01,1.550064939821433718e+01,5.876421265168936259e+00
-4.766860375765626795e-02,1.046825941996436804e-01,9.833985869647225542e+00,6.889763216001007606e+00
-8.582006168087573661e-01,6.206739213090778362e-01,1.562717771203073092e+01,5.154074415736248582e+00
8.261352447597375415e-01,-2.463018344326918518e-01,-6.523649690749744323e+00,1.318628004541830379e+01
-7.237771363874285768e-01,-2.310287515945565542e-02,1.115795224790633888e+01,5.220834268742056139e+00
-1.404191161273544430e-01,7.474758121144410572e-02,1.105215079637926934e+01,5.711605846312876267e+00
-3.605537409636870860e-01,-3.970578834882729918e-02,2.316607335699432113e+00,6.339665234631724822e+00
4.870876192033969376e-01,-2.535821887857581114e-01,4.917138503885878364e-01,1.161152397408872083e+01
-7.309940210318899290e-01,-1.808175457732167091e-01,1.409070044629950758e+01,4.302745055014804976e+00
-6.182637468945316739e-01,-2.518154223320008822e-01,8.239215266395982340e+00,5.666658761583670767e+00
5.004262600034484754e-01,-2.303329681348619484e+00,-4.352862868092211568e-01,1.291342284052179146e+01
-3.457075632709901147e-01,3.230146667820470441e-01,9.848148791712917571e+00,7.028323712006223190e+00
6.746526842020552639e-01,1.221493555310724233e-01,-2.708150107136920948e+00,1.020571675384941202e+01
2.045650646731622946e-01,6.486140410182143767e-02,7.658764203844907748e-01,9.584869876748944861e+00
-1.341936289717456654e-01,2.881736503668123617e-01,4.031269795487531837e+00,7.943980698554388375e+00
3.321006715082661653e-01,7.570295038311664060e-01,-8.434216087697356201e+00,1.131897165611295719e+01
3.074283605736914393e-01,-6.099991888879652269e-01,-4.351019163420027702e+00,1.076836306251942155e+01
-8.652383276754199715e-01,-5.409885279462468555e-01,9.447655470122343857e+00,4.911564670318291803e+00
-7.630123412492267887e-01,-1.056357880943561423e-01,1.602583345515635571e+01,2.975900629782105788e+00
-4.792216965909900095e-01,-5.688097533886590784e-02,1.661469094256835533e+01,6.699020966552181378e+00
-5.363172795809245663e-01,1.072895471432383230e-01,1.200207232878970132e+01,6.973409278365489072e+00
-5.585733149207241510e-01,1.844442182159465315e-01,1.345479955444982245e+01,5.080726926917790820e+00
1.412897906122061176e-02,-1.115220409637969756e-01,-3.733937499789862002e+00,8.911153134180612057e+00
2.879035871950685888e-02,-3.708033168047061151e-02,3.701749142039826967e+00,8.567197750901613063e+00
3.880616699569331973e-01,-1.003355885608353759e+00,-1.474080194661065324e+00,1.060368892254724571e+01
-4.131885033676705454e-01,-1.244641543446868004e-01,9.868265813435000311e+00,6.079766790608156057e+00
5.752976456338839695e-01,-1.099539199261587719e+00,-1.812363166380943191e+00,1.087437650145412249e+01
-7.861536516742437808e-01,-6.019484097329282912e-01,7.902015651818317998e+00,4.776414316384703262e+00
-2.291666771272257153e-01,6.796568361898826238e-02,4.359660878177939125e+00,6.679847350198606648e+00
5.614769479631414040e-01,-5.806253418320633797e-01,-1.021070822597621053e+01,1.128618992767463958e+01
3.717933171084051303e-01,-4.091231101384378843e-01,8.234270495475057849e-01,1.163987406256979007e+01
-6.268003050718744529e-01,-2.776784768294291439e+00,7.735541690054303032e+00,7.128834247100614085e+00
-1.244172550334761845e-01,4.770840428454156679e-01,-3.422358549469557865e+00,8.831211718263521249e+00
-5.629571779836443080e-01,-1.740667111959954827e-01,1.072304648222425172e+01,8.602091302605265000e+00
1.100974117151618525e-01,-4.418526841759391477e-01,4.689045452547846438e-01,1.394522478972846891e+01
1.752168339595400470e-01,9.282590354093854523e-02,3.879065380546562913e+00,1.046632361373931630e+01
4.295048384689917342e-01,7.922317632621961314e-02,-6.337728360671026628e-01,1.154599531522766398e+01
5.061168608380067768e-01,-9.863162174396691295e-01,2.946299502197912812e+00,1.202917247862167827e+01
1.035848910065902545e-01,-7.247134762449392031e-01,-1.531100219601226886e+00,1.238088196136795816e+01
4.452179690828861336e-02,4.377600581142696567e-01,6.961214845622188285e+00,9.344402807827730584e+00
2.526007374286911022e-01,5.346217547567917450e-01,9.483868353708773569e+00,9.837155797598596152e+00
1.600520206951736302e-01,-1.874982514660151200e-01,5.348990109931480497e+00,1.039598800561834047e+01
-2.380879313798967833e-01,1.777836537596187150e-01,4.905452818443181151e+00,8.022495579371568653e+00
-3.219391215978141818e-01,3.143614169360656185e-01,3.403495507581919099e+00,7.267549023471348235e+00
4.311231020267801139e-01,-4.694968896744567965e-01,-1.867196924827261961e+00,1.366271898490306214e+01
3.580327385625913239e-01,-3.090219630824229680e-01,-5.050310177531427414e-01,1.057684998691006406e+01
1.012761916888563096e+00,1.444806441813518694e+00,2.993872939546043277e+00,1.398273422230597163e+01
3.321224707095701278e-01,-2.205176579984978180e-01,-4.543270533284808899e+00,1.045475554435581067e+01
-4.049089056022214250e-01,-4.792707895770999260e-02,7.492563274084880653e+00,6.667668983472189836e+00
-6.264980807910917049e-01,-9.121453971480650291e-02,1.874867245415771677e+01,5.302231117224538437e+00
2.863821120104432794e-01,-2.366021061495822142e-01,-2.252779721792624201e+00,9.925340363035287439e+00
3.434103734992139390e-01,3.254655873706155389e-01,3.169128114284469611e+00,1.204842140339611412e+01
9.126164209931693083e-01,2.129786955551458971e-01,-1.024060379290868128e-01,1.542403048964591861e+01
-1.949809208440618225e-01,-1.706857558737494007e-01,-3.073944295483086897e+00,7.627908768245364790e+00
8.960995583293260847e-01,-9.899471388441591913e-01,-4.212234860516638868e+00,1.444153365501735564e+01
4.181346639217931038e-01,-8.364243398209281199e-02,2.811799312411114915e+00,1.028930466025747492e+01
1.844251446395979988e-01,4.232012464996163237e-01,1.739482108512468539e+00,9.841687976530106852e+00
-3.129704756242485675e-01,-1.586976935890387352e-01,1.607622966832694544e+01,6.526284607164273055e+00
8.729098050182640955e-01,-7.677997876884584683e-02,2.187538826042567663e-02,1.242568001611555850e+01
-7.367232704133643839e-01,6.010630154721532392e-01,1.703046464298161666e+01,5.293614578380410052e+00
2.633721008008428899e-01,-1.657838901140613053e-01,-3.122695456192802865e+00,9.383333902929679837e+00
8.332171409178208421e-01,-3.289380806454304529e-01,-1.148486418160513445e+00,1.285471050325775089e+01
-7.568417204946283061e-02,-2.530579737869937396e-01,3.547998374462220994e+00,8.350897490964239722e+00
1.845504522197925767e-02,-8.548946941993647297e-02,-3.953230635666199699e+00,1.263128538701187331e+01
7.463633199041763699e-01,-5.803381071806662517e-01,-4.701162928359202020e+00,1.327739228494446522e+01
4.186079884697972986e-01,-4.121966728652168288e-01,-8.575494295028207592e-02,1.087212483031334109e+01
1.324817728914268189e-03,1.507997594026267707e-01,7.706369890100862818e+00,9.418921697124753578e+00
-3.378282710664321509e-01,-6.014693223524131271e-01,1.735936891783605063e+01,5.270665040658572664e+00
-6.955592935700296575e-01,3.140892175469789827e+00,5.699692670842334330e+00,5.239932461221951776e+00
-8.252500459283543810e-01,1.325903081566958686e-01,1.607456991966854076e+01,4.658168723889268392e+00
-4.955871707148334360e-01,6.401154789591330108e-01,1.438205731745474836e+01,7.201722056379590953e+00
3.144889722299052531e-02,1.919583997239872331e-02,2.058754711247171354e+00,9.658820313413837511e+00
-2.945795214330601541e-01,-1.332804412605076871e+00,1.603489509316304407e+00,7.243041663279782050e+00
-8.711794469331558544e-01,-6.674568998643453099e-01,1.173392502915238644e+01,5.631548494736040134e+00
4.140806440119241261e-01,-4.023257063715769966e-01,-4.306242358262418080e+00,1.142333691278258456e+01
6.762420652256869724e-01,-5.099262484447730781e-01,-5.376912271977285052e+00,1.254325727569829851e+01
1.829627424472972108e-01,-1.029635707417943524e-01,-3.672513672258884476e+00,1.178371553320416787e+01
-8.758242049504967319e-01,-5.661110037054633004e-01,1.582571595796254016e+01,4.466239818157400343e+00
-3.336563937360421672e-01,-2.824422802216375872e-01,-6.153465658742338640e+00,7.227473651705128788e+00
-1.835159162862290139e-01,-1.110649497579698219e-01,5.378845329693574762e+00,8.801781596723396106e+00
-4.581324391745603131e-01,-1.841002629327998796e-01,1.082812705459315694e+01,7.721503816436611878e+00
4.924626113733411303e-01,-1.559369819468332974e+00,-3.052401011946281884e-02,1.038440542213241180e+01
-5.823500034086787069e-01,-2.394158553091098873e-01,9.319840951062341006e+00,4.747505807697561586e+00
-6.422144008258452441e-01,-1.108083406917492075e+00,6.312587323231809044e+00,6.128916789234683193e+00
-5.711267892610865093e-01,1.781539870261310554e-01,1.422136529168595054e+01,6.776978074839168364e+00
5.112226094193854653e-01,-8.043701467281649808e-01,1.453640939673182197e+00,1.238828476917748844e+01
-1.688049514717179095e-02,3.080109015158263852e-01,8.301762782786001438e+00,9.725045113167261945e+00
-8.826091824410673414e-01,-2.878527932649850296e-01,2.513586100467851026e+01,4.503263095703998964e+00
8.849829825391217764e-01,-1.222340341650746121e-01,6.993282136476399735e-01,1.457581717350797312e+01
8.135838870938078005e-01,-8.410772314852390519e-01,7.607596271533115795e-01,1.385286650438593092e+01
5.915015591530576877e-01,-5.494817508666240968e-01,8.979307071193808332e-01,1.337448550137769487e+01
-1.207098156881091233e-01,-1.177810340165267755e+00,5.283897249825852072e+00,1.314294766021472327e+01
4.443505408673457113e-01,-1.841214904445876710e-01,-6.459199295312995082e-01,1.238727225219375860e+01
-5.684683430539246851e-01,6.230007923329541342e-01,9.608789922279028062e+00,5.948132665930272900e+00
1.653746742925019664e-01,-9.171201860910466186e-02,8.465655426639346004e+00,1.231560957713743321e+01
-7.118196573106009284e-01,1.982966310049880804e-02,1.370611657123926186e+01,5.193789066683420330e+00
8.336890119410593769e-01,4.042747806215586936e-01,2.678647447261428560e+00,1.266692221319613942e+01
6.974697195256719384e-01,-5.473434475732522619e-01,1.344347930540681801e+00,1.234452989257212963e+01
